CREATE TABLE SECOPRE.AUTHORIZATION (
  ID bigint(20) NOT NULL,
  DESCRIPTION varchar(255) NOT NULL,
  SUPER_USER_ROLE bigint(20) NOT NULL,
  LAST_UPDATE date DEFAULT NULL,
  ACTIVE bit(1) DEFAULT 1,
  PRIMARY KEY (ID),
  KEY FK_AUTH_ROLE (SUPER_USER_ROLE),
  CONSTRAINT FK_AUTH_ROLE FOREIGN KEY (SUPER_USER_ROLE) REFERENCES SECOPRE.ROLE (ID)
) ENGINE=InnoDB DEFAULT CHARSET=utf8;

CREATE TABLE SECOPRE.STAGE (
  ID bigint(20) NOT NULL,
  DESCRIPTION varchar(255) NOT NULL,
  LAST_UPDATE date DEFAULT NULL,
  ACTIVE bit(1) DEFAULT b1,
  PRIMARY KEY (ID)
) ENGINE=InnoDB DEFAULT CHARSET=utf8;

CREATE TABLE SECOPRE.STAGE_CONFIG (
  ID bigint(20) NOT NULL,
  STAGE_ID bigint(20) NOT NULL,
  PATH_ID bigint(20) NOT NULL,
  IS_CAPTURE bit(1) NOT NULL,
  IS_AUTHORIZATION bit(1) NOT NULL,
  CAPTURE_FORM varchar(255) DEFAULT NULL,
  LAST_UPDATE date DEFAULT NULL,
  ACTIVE bit(1) DEFAULT b1,
  PRIMARY KEY (ID),
  KEY FK_STG_CFG_STG (STAGE_ID),
  KEY FK_STG_CFG_PATH (PATH_ID),
  CONSTRAINT FK_STG_CFG_PATH FOREIGN KEY (PATH_ID) REFERENCES SECOPRE.PATH (ID),
  CONSTRAINT FK_STG_CFG_STG FOREIGN KEY (STAGE_ID) REFERENCES SECOPRE.STAGE (ID)
) ENGINE=InnoDB DEFAULT CHARSET=utf8;

CREATE TABLE SECOPRE.STAGE_CONFIG_ROLE (
  STAGE_CONFIG_ID bigint(20) NOT NULL,
  ROLE_ID bigint(20) NOT NULL,
  LAST_UPDATE date DEFAULT NULL,
  ACTIVE bit(1) DEFAULT b1,
  UNIQUE KEY IDX_STG_CFG_ROLE (ROLE_ID,STAGE_CONFIG_ID),
  KEY STG_CFG_RL_STGCFG (STAGE_CONFIG_ID),
  CONSTRAINT STG_CFG_RL_ROLE FOREIGN KEY (ROLE_ID) REFERENCES SECOPRE.ROLE (ID),
  CONSTRAINT STG_CFG_RL_STGCFG FOREIGN KEY (STAGE_CONFIG_ID) REFERENCES SECOPRE.STAGE_CONFIG (ID)
) ENGINE=InnoDB DEFAULT CHARSET=utf8;

CREATE TABLE SECOPRE.AUTHORIZATION_CONFIG (
  ID bigint(20) NOT NULL,
  AUTHORIZATION_ID bigint(20) NOT NULL,
  STAGE_CONFIG_ID bigint(20) NOT NULL,
  EMPLOYMENT_ID bigint(20) NOT NULL,
  LAST_UPDATE date DEFAULT NULL,
  ACTIVE bit(1) DEFAULT b1,
  PRIMARY KEY (ID),
  KEY FK_AUTH_CFG_STG_CFG (STAGE_CONFIG_ID),
  CONSTRAINT FK_AUTH_CFG_STG_CFG FOREIGN KEY (STAGE_CONFIG_ID) REFERENCES SECOPRE.STAGE_CONFIG (ID)
) ENGINE=InnoDB DEFAULT CHARSET=utf8;

CREATE TABLE SECOPRE.CHAT_CONVERSATION (
  CONVERSATION_ID bigint(20) NOT NULL,
  USER_ID bigint(20) NOT NULL,
  CREATION_DATE date DEFAULT NULL,
  LAST_UPDATE date DEFAULT NULL,
  ACTIVE bit(1) DEFAULT b1,
  UNIQUE KEY UDX_CHAT_CONV_USER (CONVERSATION_ID,USER_ID),
  KEY fk_chat_conv_user (USER_ID),
  CONSTRAINT fk_chat_conv_user FOREIGN KEY (USER_ID) REFERENCES SECOPRE.USER (ID)
) ENGINE=InnoDB DEFAULT CHARSET=utf8;

CREATE TABLE SECOPRE.CHAT_MESSAGE (
  MESSAGE_ID bigint(20) NOT NULL AUTO_INCREMENT,
  CONVERSATION_ID bigint(20) NOT NULL,
  USER_FROM bigint(20) NOT NULL,
  USER_TO bigint(20) NOT NULL,
  MESSAGE varchar(1000) NOT NULL,
  ESTATUS int(1) NOT NULL DEFAULT 0,
  CREATION_DATE datetime DEFAULT NULL,
  LAST_UPDATE datetime DEFAULT NULL,
  ACTIVE bit(1) DEFAULT b1,
  PRIMARY KEY (MESSAGE_ID),
  KEY FK_C_MSG_CONV (CONVERSATION_ID),
  KEY FK_C_MSG_USR_FROM (USER_FROM),
  KEY FK_C_MSG_USR_TO (USER_TO),
  CONSTRAINT FK_C_MSG_CONV FOREIGN KEY (CONVERSATION_ID) REFERENCES SECOPRE.CHAT_CONVERSATION (CONVERSATION_ID),
  CONSTRAINT FK_C_MSG_USR_FROM FOREIGN KEY (USER_FROM) REFERENCES SECOPRE.USER (ID),
  CONSTRAINT FK_C_MSG_USR_TO FOREIGN KEY (USER_TO) REFERENCES SECOPRE.USER (ID)
) ENGINE=InnoDB AUTO_INCREMENT=131 DEFAULT CHARSET=utf8;

CREATE TABLE SECOPRE.EMPLOYMENT (
  EMPLOYMENT_ID bigint(20) NOT NULL AUTO_INCREMENT,
  DESCRIPTION varchar(255) NOT NULL,
  CREATION_DATE datetime DEFAULT NULL,
  LAST_UPDATE datetime DEFAULT NULL,
  ACTIVE bit(1) DEFAULT b1,
  PRIMARY KEY (EMPLOYMENT_ID)
) ENGINE=InnoDB AUTO_INCREMENT=9 DEFAULT CHARSET=utf8;

CREATE TABLE SECOPRE.REL_USER_CONNECTION (
  USER_ID bigint(20) NOT NULL,
  SOCKET_ID varchar(255) DEFAULT NULL,
  CREATION_DATE datetime DEFAULT NULL,
  LAST_UPDATE datetime DEFAULT NULL,
  ACTIVE bit(1) DEFAULT b1,
  PRIMARY KEY (USER_ID),
  CONSTRAINT FK_REL_UC_USR FOREIGN KEY (USER_ID) REFERENCES SECOPRE.USER (ID)
) ENGINE=InnoDB DEFAULT CHARSET=utf8;

CREATE TABLE SECOPRE.REL_USER_EMPLOYMENT (
  USER_ID bigint(20) NOT NULL,
  EMPLOYMENT_ID bigint(20) NOT NULL,
  CREATION_DATE datetime DEFAULT NULL,
  LAST_UPDATE datetime DEFAULT NULL,
  ACTIVE bit(1) DEFAULT b1,
  KEY FK_UE_USR (USER_ID),
  KEY FK_UE_EMP (EMPLOYMENT_ID),
  CONSTRAINT FK_UE_EMP FOREIGN KEY (EMPLOYMENT_ID) REFERENCES SECOPRE.EMPLOYMENT (EMPLOYMENT_ID),
  CONSTRAINT FK_UE_USR FOREIGN KEY (USER_ID) REFERENCES SECOPRE.USER (ID)
) ENGINE=InnoDB DEFAULT CHARSET=utf8;

CREATE TABLE SECOPRE.REQUEST (
  ID bigint(20) NOT NULL AUTO_INCREMENT,
  FIRST_NAME varchar(255) DEFAULT NULL,
  PARENT_LAST_NAME varchar(255) DEFAULT NULL,
  MOTHER_LAST_NAME varchar(255) DEFAULT NULL,
  LAST_UPDATE datetime DEFAULT CURRENT_TIMESTAMP,
  ACTIVE bit(1) DEFAULT b1,
  PRIMARY KEY (ID)
) ENGINE=InnoDB AUTO_INCREMENT=26 DEFAULT CHARSET=utf8;

CREATE TABLE SECOPRE.WORKFLOW (
  ID bigint(20) NOT NULL,
  DESCRIPTION varchar(255) NOT NULL,
  FIRST_STAGE_CFG bigint(20) NOT NULL,
  LAST_UPDATE date DEFAULT NULL,
  ACTIVE bit(1) DEFAULT b1,
  PRIMARY KEY (ID),
  KEY FK_WF_CFG_STG (FIRST_STAGE_CFG),
  CONSTRAINT FK_WF_CFG_STG FOREIGN KEY (FIRST_STAGE_CFG) REFERENCES SECOPRE.STAGE_CONFIG (ID)
) ENGINE=InnoDB DEFAULT CHARSET=utf8;

CREATE TABLE SECOPRE.WORKFLOW_CONFIG_CODE (
  ID bigint(20) NOT NULL,
  CODE varchar(255) NOT NULL,
  DESCRIPTION varchar(255) DEFAULT NULL,
  LAST_UPDATE date DEFAULT NULL,
  ACTIVE bit(1) DEFAULT b1,
  PRIMARY KEY (ID),
  UNIQUE KEY IDX_CODE (CODE)
) ENGINE=InnoDB DEFAULT CHARSET=utf8;

CREATE TABLE SECOPRE.STATUS (
  ID bigint(20) NOT NULL,
  DESCRIPTION varchar(255) DEFAULT NULL,
  LAST_UPDATE date DEFAULT NULL,
  ACTIVE bit(1) DEFAULT b1,
  PRIMARY KEY (ID)
) ENGINE=InnoDB DEFAULT CHARSET=utf8;

CREATE TABLE SECOPRE.WORKFLOW_CONFIG (
  ID bigint(20) NOT NULL,
  WORKFLOW_ID bigint(20) NOT NULL,
  STAGE_CONFIG_ID bigint(20) NOT NULL,
  WF_CFG_CODE varchar(255) NOT NULL,
  NEXT_STAGE_CONFIG bigint(20) NOT NULL,
  STATUS_ID bigint(20) NOT NULL,
  LAST_UPDATE date DEFAULT NULL,
  ACTIVE bit(1) DEFAULT b1,
  PRIMARY KEY (ID),
  KEY FK_WF_CFG_STG_CFG (STAGE_CONFIG_ID),
  KEY FK_WF_CFG_NXT_STG (NEXT_STAGE_CONFIG),
  KEY FK_WF_CFG_CODE (WF_CFG_CODE),
  KEY FK_WF_CFG_STATUS (STATUS_ID),
  KEY FK_WF_CFG_WF (WORKFLOW_ID),
  CONSTRAINT FK_WF_CFG_CODE FOREIGN KEY (WF_CFG_CODE) REFERENCES SECOPRE.WORKFLOW_CONFIG_CODE (CODE),
  CONSTRAINT FK_WF_CFG_NXT_STG FOREIGN KEY (NEXT_STAGE_CONFIG) REFERENCES SECOPRE.STAGE_CONFIG (ID),
  CONSTRAINT FK_WF_CFG_STATUS FOREIGN KEY (STATUS_ID) REFERENCES SECOPRE.STATUS (ID),
  CONSTRAINT FK_WF_CFG_STG_CFG FOREIGN KEY (STAGE_CONFIG_ID) REFERENCES SECOPRE.STAGE_CONFIG (ID),
  CONSTRAINT FK_WF_CFG_WF FOREIGN KEY (WORKFLOW_ID) REFERENCES SECOPRE.WORKFLOW (ID)
) ENGINE=InnoDB DEFAULT CHARSET=utf8;

CREATE TABLE SECOPRE.REQUEST_CONFIG (
  REQUEST_ID bigint(20) NOT NULL,
  FORMALITY_ID bigint(20) NOT NULL,
  WORKFLOW_ID bigint(20) NOT NULL,
  LAST_UPDATE date DEFAULT NULL,
  ACTIVE bit(1) DEFAULT b1,
  AUTHORIZATION_ID bigint(20) NOT NULL,
  KEY REQ_CFG_WF (WORKFLOW_ID),
  CONSTRAINT REQ_CFG_WF FOREIGN KEY (WORKFLOW_ID) REFERENCES SECOPRE.WORKFLOW (ID)
) ENGINE=InnoDB DEFAULT CHARSET=utf8;

CREATE TABLE SECOPRE.REQUEST_DETAIL (
  REQUEST_ID bigint(20) NOT NULL,
  MOVEMENT_NAME varchar(100) DEFAULT NULL,
  MOVEMENT_PRICE decimal(10,0) DEFAULT NULL,
  LAST_UPDATE date DEFAULT NULL,
  ACTIVE bit(1) DEFAULT b1,
  PRIMARY KEY (REQUEST_ID)
) ENGINE=InnoDB DEFAULT CHARSET=utf8;

CREATE TABLE SECOPRE.REQUEST_HISTORY (
  REQUEST_ID bigint(20) NOT NULL,
  CONSECUTIVE bigint(20) NOT NULL,
  WORKFLOW_CONFIG_ID bigint(20) NOT NULL,
  USER_ID bigint(20) NOT NULL,
  LAST_UPDATE date DEFAULT NULL,
  ACTIVE bit(1) DEFAULT b1
) ENGINE=InnoDB DEFAULT CHARSET=utf8;

CREATE TABLE secopre.FORMALITY (
  ID bigint(20) NOT NULL,
  DESCRIPTION varchar(255) NOT NULL,
  WORKFLOW_ID bigint(20) NOT NULL,
  LAST_UPDATE date DEFAULT NULL,
  ACTIVE bit(1) DEFAULT 1,
  AUTHORIZATION_ID bigint(20) NOT NULL,
  CODE varchar(50) NOT NULL,
  KEY FK_FORM_WF (WORKFLOW_ID),
  CONSTRAINT FK_FORM_WF FOREIGN KEY (WORKFLOW_ID) REFERENCES secopre.WORKFLOW (ID)
) ENGINE=InnoDB DEFAULT CHARSET=utf8;

commit;

-- fin del alter, inicio del script


-- user
INSERT INTO secopre.USER
(ID, ACTIVE, AVATAR, EMAIL, HAS_CHAT_ACTIVE, NICKNAME, PASSWORD, USERNAME)
VALUES
(1, 1, 'pepgonzalez.jpg', 'pepegonzalez.hdz@gmail.com', 1, 'pepgonzalez', '$2a$10$wvXkMdLjP3k.XFUeo9zHXORpU7DLCjeqgNGUuEIrcOsfEq5ZJmCvC', 'pepgonzalez' );

-- role
INSERT INTO secopre.ROLE
(ID, ACTIVE, ROLENAME)
VALUES
(1, 1, 	'ROLE_USER');

INSERT INTO secopre.ROLE
(ID, ACTIVE, ROLENAME)
VALUES
(2, 1, 	'ROLE_CAPTURIST');

INSERT INTO secopre.ROLE
(ID, ACTIVE, ROLENAME)
VALUES
(3, 1, 	'ROLE_ADMIN');

-- user role
INSERT INTO secopre.USER_ROLE
(USER_ID, ROLE_ID)
VALUES
(1,1);

INSERT INTO secopre.USER_ROLE
(USER_ID, ROLE_ID)
VALUES
(1,2);

INSERT INTO secopre.USER_ROLE
(USER_ID, ROLE_ID)
VALUES
(1,3);

-- menu
INSERT INTO secopre.MENU (id,ACTIVE,CSSCLASS,DESCRIPTION,ICON,JSFUNCTION,NAME,MENU_ORDER,PARENT_ID) VALUES 
(1,true,'icon-home','Dashboard Home por Usuario',NULL,'alert(''al dashboar por usuario'');','Dashboard',1,NULL)
,(2,true,'icon-settings','Modulo De Administracion',NULL,'javascript: void(0);','Administracion',2,NULL)
,(3,true,'icon-home','Modulo Configuracion de Usuarios',NULL,'sendRequestJQ(''auth/adm/usr/list'',''dashboard'',''initUserPage()'');','Usuarios',3,2)
,(4,true,'icon-settings','Modulo Configuracion de Roles',NULL,'sendRequestJQ(''auth/adm/role/list'',''dashboard'',''initRolePage()'');','Roles',4,2)
,(5,true,'icon-settings','Modulo Configuracion de Permisos',NULL,'sendRequestJQ(''auth/adm/perm/list'',''dashboard'',''initPermPage()'');','Permisos',5,2)
,(6,true,'icon-home','Módulo de Trámites',NULL,'javascript:void(0);','Trámites',6,NULL)
,(7,true,'icon-home','Nuevo Tramite',NULL,'sendRequestJQ(''auth/tram/add'',''dashboard'',''initTramitePage()'',''GET'');','Nuevo Trámite',7,6)
,(8,true,'icon-home','Mis Tramite',NULL,'sendRequestJQ(''auth/tram/list'',''dashboard'',''initTramiteListPage()'',''GET'');','Mis Trámites',8,6)
;

--PATH
INSERT INTO secopre.PATH (id,ACTIVE,PUBLIC_ACCESS,URL,menu_id) VALUES 
(1,true,false,'auth/adm/usr/list',3)
,(2,true,false,'auth/adm/role/list',4)
,(3,true,false,'auth/adm/usr',2)
,(4,true,false,'auth/adm/perm/list',5)
,(5,true,false,'auth/tram',6)
,(6,true,false,'auth/tram/add',7)
,(7,true,false,'auth/tram/list',8)
,(8,true,false,'auth/wf/capture',NULL)
,(9,true,false,'auth/wf/authorization',NULL)
,(10,true,false,'auth/wf/finish',NULL);

-- permission

INSERT INTO secopre.PERMISSION (id,ACTIVE,NAME,path_id) VALUES 
(1,true,'USR_LIST',1)
,(2,true,'ROLE_LIST',2)
,(3,true,'USR_CONF',3)
,(4,true,'PERM_LIST',4)
,(5,true,'SU#',NULL)
,(6,true,'TRAM_CONF',5)
,(7,true,'TRAM_ADD',6)
,(8,true,'TRAM_LIST',7);


-- role permission

INSERT INTO secopre.ROLE_PERMISSION (ROLE_ID,PERMISSION_ID) VALUES 
(1,1)
,(1,2)
,(1,3)
,(1,4)
,(2,6)
,(2,7)
,(2,8);

commit;

insert into secopre.STATE (CODE, NAME) values ('001','AGUASCALIENTES'), ('002','BAJA CALIFORNIA'),('003','BAJA CALIFORNIA SUR'),('004','CAMPECHE'),('005','COAHUILA DE ZARAGOZA'),('006','COLIMA'),('007','CHIAPAS'),('008','CHIHUAHUA'),('009','DISTRITO FEDERAL'),('010','DURANGO'),('011','GUANAJUATO'),('012','GUERRERO'),('013','HIDALGO'),('014','JALISCO'),('015','MEXICO'),('016','MICHOACAN DE OCAMPO'),('017','MORELOS'),('018','NAYARIT'),('019','NUEVO LEON'),('020','OAXACA'),('021','PUEBLA'),('022','QUERETARO DE ARTEAGA'),('023','QUINTANA ROO'),('024','SAN LUIS POTOSI'),('025','SINALOA'),('026','SONORA'),('027','TABASCO'),('028','TAMAULIPAS'),('029','TLAXCALA'),('030','VERACRUZ'),('031','YUCATAN'),('032','ZACATECAS');

-- etapas

INSERT INTO secopre.STAGE (ID,DESCRIPTION,LAST_UPDATE,ACTIVE) VALUES 
(1,'Captura Básica',STR_TO_DATE('2015-09-07','%Y-%m-%d'),true)
,(2,'Captura Completa',STR_TO_DATE('2015-09-07','%Y-%m-%d'),true)
,(3,'Autorización',STR_TO_DATE('2015-09-07','%Y-%m-%d'),true)
,(4,'Tramite finalizado',STR_TO_DATE('2015-09-07','%Y-%m-%d'),true)
,(5,'Tramite Cancelado',STR_TO_DATE('2015-09-07','%Y-%m-%d'),true);

-- stage config

INSERT INTO secopre.STAGE_CONFIG (ID,STAGE_ID,PATH_ID,IS_CAPTURE,IS_AUTHORIZATION,CAPTURE_FORM,LAST_UPDATE,ACTIVE) VALUES 
(1,1,8,true,false,'basic',STR_TO_DATE('2015-09-07','%Y-%m-%d'),true)
,(2,2,8,true,false,'movements',STR_TO_DATE('2015-09-07','%Y-%m-%d'),true)
,(3,3,9,false,true,NULL,STR_TO_DATE('2015-09-07','%Y-%m-%d'),true)
,(4,3,9,false,true,NULL,STR_TO_DATE('2015-09-07','%Y-%m-%d'),true)
,(5,3,9,false,true,NULL,STR_TO_DATE('2015-09-07','%Y-%m-%d'),true)
,(6,3,9,false,true,NULL,STR_TO_DATE('2015-09-07','%Y-%m-%d'),true)
,(7,4,10,false,false,NULL,STR_TO_DATE('2015-09-07','%Y-%m-%d'),true)
,(8,5,10,false,false,NULL,STR_TO_DATE('2015-09-07','%Y-%m-%d'),true);

-- stage config role

INSERT INTO secopre.STAGE_CONFIG_ROLE (STAGE_CONFIG_ID,ROLE_ID,LAST_UPDATE,ACTIVE) VALUES 
(1,2,STR_TO_DATE('2015-09-07','%Y-%m-%d'),true)
,(2,2,STR_TO_DATE('2015-09-07','%Y-%m-%d'),true)
,(3,2,STR_TO_DATE('2015-09-07','%Y-%m-%d'),true)
,(4,2,STR_TO_DATE('2015-09-07','%Y-%m-%d'),true)
,(5,2,STR_TO_DATE('2015-09-07','%Y-%m-%d'),true)
,(6,2,STR_TO_DATE('2015-09-07','%Y-%m-%d'),true)
,(1,3,STR_TO_DATE('2015-09-07','%Y-%m-%d'),true)
,(2,3,STR_TO_DATE('2015-09-13','%Y-%m-%d'),true)
,(7,3,STR_TO_DATE('2015-09-16','%Y-%m-%d'),true);

--workflow config code

INSERT INTO secopre.WORKFLOW_CONFIG_CODE (ID,CODE,DESCRIPTION,LAST_UPDATE,ACTIVE) VALUES 
(1,'SOLPEND','Solicitud Pendiente, guarda con validaciones minimas, no avanza de etapa',STR_TO_DATE('2015-09-07','%Y-%m-%d'),true)
,(2,'SOLCOMP','Solicitud Completa, guarda con todas las validaciones, avanza de etapa',STR_TO_DATE('2015-09-07','%Y-%m-%d'),true)
,(3,'SIGFIRMA','visto bueno de usuario correspondiente a etapa, avanza a siguiente autorizacion',STR_TO_DATE('2015-09-07','%Y-%m-%d'),true)
,(4,'REGRESAR','regresa el tramite de etapa',STR_TO_DATE('2015-09-07','%Y-%m-%d'),true)
,(5,'CONTINUAR','avanza de etapa, si el vobo es de superusuario',STR_TO_DATE('2015-09-07','%Y-%m-%d'),true)
,(6,'CANCELAR','Cancelar el tramite',STR_TO_DATE('2015-09-07','%Y-%m-%d'),true);

-- status

INSERT INTO secopre.STATUS (ID,DESCRIPTION,LAST_UPDATE,ACTIVE) VALUES 
(1,'Captura de Información Básica',STR_TO_DATE('2015-09-07','%Y-%m-%d'),true)
,(2,'Captura de Información Completa',STR_TO_DATE('2015-09-07','%Y-%m-%d'),true)
,(3,'Autorización de Jefe',STR_TO_DATE('2015-09-07','%Y-%m-%d'),true)
,(4,'Autorización de Magistrado',STR_TO_DATE('2015-09-07','%Y-%m-%d'),true)
,(5,'Autorización de Asesor',STR_TO_DATE('2015-09-07','%Y-%m-%d'),true)
,(6,'Autorización de Administrador',STR_TO_DATE('2015-09-07','%Y-%m-%d'),true)
,(7,'Trámite finalizado',STR_TO_DATE('2015-09-07','%Y-%m-%d'),true)
,(8,'Trámite Cancelado',STR_TO_DATE('2015-09-07','%Y-%m-%d'),true);

-- workflow

INSERT INTO secopre.WORKFLOW (ID,DESCRIPTION,FIRST_STAGE_CFG,LAST_UPDATE,ACTIVE) VALUES 
(1,'Flujo de Movimientos',1,STR_TO_DATE('2015-09-07','%Y-%m-%d'),true);

-- workflow_config

INSERT INTO secopre.WORKFLOW_CONFIG (ID,WORKFLOW_ID,STAGE_CONFIG_ID,WF_CFG_CODE,NEXT_STAGE_CONFIG,STATUS_ID,LAST_UPDATE,ACTIVE) VALUES 
(1,1,1,'SOLPEND',1,1,STR_TO_DATE('2015-09-07','%Y-%m-%d'),true)
,(2,1,1,'SOLCOMP',2,2,STR_TO_DATE('2015-09-07','%Y-%m-%d'),true)
,(3,1,2,'SOLPEND',2,2,STR_TO_DATE('2015-09-07','%Y-%m-%d'),true)
,(4,1,2,'SOLCOMP',3,3,STR_TO_DATE('2015-09-07','%Y-%m-%d'),true)
,(5,1,3,'SIGFIRMA',4,4,STR_TO_DATE('2015-09-07','%Y-%m-%d'),true)
,(6,1,3,'REGRESAR',2,2,STR_TO_DATE('2015-09-07','%Y-%m-%d'),true)
,(7,1,3,'CONTINUAR',7,7,STR_TO_DATE('2015-09-07','%Y-%m-%d'),true)
,(8,1,3,'CANCELAR',8,8,STR_TO_DATE('2015-09-07','%Y-%m-%d'),true)
,(9,1,4,'SIGFIRMA',5,5,STR_TO_DATE('2015-09-07','%Y-%m-%d'),true)
,(10,1,4,'REGRESAR',3,3,STR_TO_DATE('2015-09-07','%Y-%m-%d'),true)
;
